{"bboxes":{"region1":{"vertex1":{"x":1.6666259765625,"y":295.6666564941406},"vertex2":{"x":196.6666259765625,"y":236.66665649414062},"vertex3":{"x":1.6666259765625,"y":488.6666564941406},"vertex4":{"x":207.6666259765625,"y":389.6666564941406}}}}
